<application>
  <component name="DimensionService">
    <size key="GridCell.Tab.0.left.0.0.1920.1080@120dpi" width="1818" height="345" />
    <size key="GridCell.Tab.0.center.0.0.1920.1080@120dpi" width="1818" height="345" />
    <size key="GridCell.Tab.0.right.0.0.1920.1080@120dpi" width="1818" height="345" />
    <size key="GridCell.Tab.0.bottom.0.0.1920.1080@120dpi" width="1818" height="345" />
    <size key="GridCell.Tab.1.left.0.0.1920.1080@120dpi" width="1818" height="160" />
    <size key="GridCell.Tab.1.center.0.0.1920.1080@120dpi" width="1818" height="160" />
    <size key="GridCell.Tab.1.right.0.0.1920.1080@120dpi" width="1818" height="160" />
    <size key="GridCell.Tab.1.bottom.0.0.1920.1080@120dpi" width="1818" height="160" />
  </component>
  <component name="WindowManager">
    <frame x="-9" y="-9" width="1938" height="1038" extendedState="6" />
  </component>
  <component name="WindowStateApplicationService">
    <state x="549" y="155" key="FileChooserDialogImpl" timestamp="1731427826758">
      <screen x="0" y="0" width="1536" height="816" />
    </state>
    <state x="549" y="155" key="FileChooserDialogImpl/0.0.1536.816" timestamp="1731427826758" />
    <state x="768" y="415" width="1550" height="830" key="WELCOME_SCREEN" timestamp="1731469239352">
      <screen x="0" y="0" width="1536" height="816" />
    </state>
    <state x="768" y="415" width="1550" height="830" key="WELCOME_SCREEN/0.0.1536.816" timestamp="1731469239352" />
  </component>
</application>