<keymap version="1" name="VSCode copy" parent="VSCode">
  <action id="Debug">
    <keyboard-shortcut first-keystroke="ctrl f5" />
  </action>
  <action id="EditorToggleUseSoftWraps">
    <keyboard-shortcut first-keystroke="alt z" />
    <keyboard-shortcut first-keystroke="alt s" />
  </action>
  <action id="Graph.RouteEdges" />
  <action id="NextTemplateParameter">
    <keyboard-shortcut first-keystroke="tab" />
  </action>
  <action id="NextTemplateVariable">
    <keyboard-shortcut first-keystroke="tab" />
  </action>
  <action id="Resume" />
  <action id="Run">
    <keyboard-shortcut first-keystroke="f5" />
  </action>
</keymap>